date,tqqq,qqq,soxl,soxx,btc,sp500,nasdaq,djia,vix
Wed Apr 23 2025 00:00:00 GMT+0900 (Korean Standard Time),24.03,454.56,10.29,173.07,93210.55,5375.86,16708.05,39606.57,28.45
Thu Apr 24 2025 00:00:00 GMT+0900 (Korean Standard Time),26.07,467.35,12,183.03,92733.36,5484.77,17166.04,40093.4,26.47
Fri Apr 25 2025 00:00:00 GMT+0900 (Korean Standard Time),26.93,472.56,12.34,184.81,93348.03,5525.21,17382.94,40113.5,24.84
Sat Apr 26 2025 00:00:00 GMT+0900 (Korean Standard Time),,,,,94847.29,,,,
Sun Apr 27 2025 00:00:00 GMT+0900 (Korean Standard Time),,,,,94225.3,,,,
Mon Apr 28 2025 00:00:00 GMT+0900 (Korean Standard Time),26.91,472.41,12.29,184.48,93911.89,5528.75,17366.13,40227.59,25.15
Tue Apr 29 2025 00:00:00 GMT+0900 (Korean Standard Time),27.44,475.53,11.86,182.51,94717.11,5560.83,17461.32,40527.62,24.17
Wed Apr 30 2025 00:00:00 GMT+0900 (Korean Standard Time),27.44,475.47,12.16,183.84,95041.93,5569.06,17446.34,40669.36,24.7
Thu May 01 2025 00:00:00 GMT+0900 (Korean Standard Time),28.39,481.68,12.1,183.59,94808.49,5604.14,17710.74,40752.96,24.6
Fri May 02 2025 00:00:00 GMT+0900 (Korean Standard Time),29.72,488.83,13.29,190.03,97111.77,5686.67,17977.73,41317.43,22.68
Sat May 03 2025 00:00:00 GMT+0900 (Korean Standard Time),,,,,96432.45,,,,
Sun May 04 2025 00:00:00 GMT+0900 (Korean Standard Time),,,,,95856.14,,,,
Mon May 05 2025 00:00:00 GMT+0900 (Korean Standard Time),29.2,485.93,13.05,188.57,94255.16,5650.38,17844.24,41218.83,23.64
Tue May 06 2025 00:00:00 GMT+0900 (Korean Standard Time),28.37,481.41,12.64,186.77,94489.1,5606.91,17689.66,40829,24.76
Wed May 07 2025 00:00:00 GMT+0900 (Korean Standard Time),28.7,483.3,13.28,190.04,96515.11,5631.28,17738.16,41113.97,23.55
Thu May 08 2025 00:00:00 GMT+0900 (Korean Standard Time),29.56,488.29,13.66,191.74,99109.44,5663.94,17928.14,41368.45,22.48
Fri May 09 2025 00:00:00 GMT+0900 (Korean Standard Time),29.49,487.97,14.11,193.94,102384.2,5659.91,17928.92,41249.38,21.9
Sat May 10 2025 00:00:00 GMT+0900 (Korean Standard Time),,,,,103161.7,,,,
Sun May 11 2025 00:00:00 GMT+0900 (Korean Standard Time),,,,,103995.7,,,,
Mon May 12 2025 00:00:00 GMT+0900 (Korean Standard Time),33.06,507.85,17.13,207.87,104013.1,5844.19,18708.34,42410.1,18.39
Tue May 13 2025 00:00:00 GMT+0900 (Korean Standard Time),34.57,515.59,18.6,213.76,101727,5886.55,19010.09,42140.43,18.22
Wed May 14 2025 00:00:00 GMT+0900 (Korean Standard Time),35.18,518.68,18.84,214.79,103560.3,5892.58,19146.81,42051.06,18.62
Thu May 15 2025 00:00:00 GMT+0900 (Korean Standard Time),35.29,519.25,18.47,213.41,102821.2,5916.93,19112.32,42322.75,17.83
Fri May 16 2025 00:00:00 GMT+0900 (Korean Standard Time),35.73,521.51,18.39,213.13,104050.1,5958.38,19211.1,42654.74,17.24
Sat May 17 2025 00:00:00 GMT+0900 (Korean Standard Time),,,,,103536.5,,,,
Sun May 18 2025 00:00:00 GMT+0900 (Korean Standard Time),,,,,103298,,,,
Mon May 19 2025 00:00:00 GMT+0900 (Korean Standard Time),35.82,522.01,18.06,211.85,103640.2,5963.6,19215.46,42792.07,18.14
Tue May 20 2025 00:00:00 GMT+0900 (Korean Standard Time),35.45,520.27,17.97,211.54,105707.1,5940.46,19142.71,42677.24,18.09
Wed May 21 2025 00:00:00 GMT+0900 (Korean Standard Time),33.97,513.04,17,207.67,106859.6,5844.61,18872.64,41860.44,20.87
Thu May 22 2025 00:00:00 GMT+0900 (Korean Standard Time),34.15,514,17,205.75,111681.7,5842.01,18925.74,41859.09,20.28
Fri May 23 2025 00:00:00 GMT+0900 (Korean Standard Time),33.16,509.24,15.73,202.56,111088.5,5802.82,18737.21,41603.07,22.29
Sat May 24 2025 00:00:00 GMT+0900 (Korean Standard Time),,,,,108333.4,,,,
Sun May 25 2025 00:00:00 GMT+0900 (Korean Standard Time),,,,,108096.5,,,,
Mon May 26 2025 00:00:00 GMT+0900 (Korean Standard Time),,,,,109641.5,,,,
Tue May 27 2025 00:00:00 GMT+0900 (Korean Standard Time),35.47,521.22,17.29,209.29,108927.6,5921.54,19199.16,42343.65,18.96
Wed May 28 2025 00:00:00 GMT+0900 (Korean Standard Time),35.02,518.91,17.04,208.24,108877.1,5888.55,19100.94,42098.7,19.31
Thu May 29 2025 00:00:00 GMT+0900 (Korean Standard Time),35.19,519.93,17.2,209.09,108043.4,5912.17,19175.87,42215.73,19.18
Fri May 30 2025 00:00:00 GMT+0900 (Korean Standard Time),35,519.11,16.17,204.94,106021.6,5911.69,19113.77,42270.07,18.57
Sat May 31 2025 00:00:00 GMT+0900 (Korean Standard Time),,,,,103735.2,,,,
Sun Jun 01 2025 00:00:00 GMT+0900 (Korean Standard Time),,,,,104494.5,,,,
Mon Jun 02 2025 00:00:00 GMT+0900 (Korean Standard Time),35.81,523.21,16.9,208.03,104914.5,5935.94,19242.61,42305.48,18.36
Tue Jun 03 2025 00:00:00 GMT+0900 (Korean Standard Time),36.64,527.3,18.3,213.62,105551.6,5970.37,19398.96,42519.64,17.69
Wed Jun 04 2025 00:00:00 GMT+0900 (Korean Standard Time),36.94,528.77,19.09,216.8,105625.9,5970.81,19460.49,42427.74,17.61
Thu Jun 05 2025 00:00:00 GMT+0900 (Korean Standard Time),36.08,524.79,18.81,215.89,105084.4,5939.3,19298.45,42319.74,18.48
Fri Jun 06 2025 00:00:00 GMT+0900 (Korean Standard Time),37.1,529.92,19.18,217.34,102549.2,6000.36,19529.95,42762.87,16.77
Sat Jun 07 2025 00:00:00 GMT+0900 (Korean Standard Time),,,,,104951.3,,,,
Sun Jun 08 2025 00:00:00 GMT+0900 (Korean Standard Time),,,,,105525.3,,,,
Mon Jun 09 2025 00:00:00 GMT+0900 (Korean Standard Time),37.27,530.7,20.58,222.46,105687.6,6005.88,19591.24,42761.76,17.16
Tue Jun 10 2025 00:00:00 GMT+0900 (Korean Standard Time),37.99,534.21,21.89,227.32,109549,6038.81,19714.99,42866.87,16.95
Wed Jun 11 2025 00:00:00 GMT+0900 (Korean Standard Time),37.6,532.41,21.64,226.56,109722.3,6022.24,19615.88,42865.77,17.26
Thu Jun 12 2025 00:00:00 GMT+0900 (Korean Standard Time),37.85,533.66,21.69,226.87,107845.6,6045.26,19662.49,42967.62,18.02
Fri Jun 13 2025 00:00:00 GMT+0900 (Korean Standard Time),36.42,526.96,20.04,220.96,104498.1,5976.97,19406.83,42197.79,20.82
Sat Jun 14 2025 00:00:00 GMT+0900 (Korean Standard Time),,,,,105312.9,,,,
Sun Jun 15 2025 00:00:00 GMT+0900 (Korean Standard Time),,,,,105562.5,,,,
Mon Jun 16 2025 00:00:00 GMT+0900 (Korean Standard Time),37.9,534.29,21.9,227.44,105950.6,6033.11,19701.21,42515.09,19.11
Tue Jun 17 2025 00:00:00 GMT+0900 (Korean Standard Time),36.78,529.08,21.42,225.64,107598.5,5982.72,19521.09,42215.8,21.6
Wed Jun 18 2025 00:00:00 GMT+0900 (Korean Standard Time),36.73,528.99,21.61,226.56,105191.3,5980.87,19546.27,42171.66,20.14
Thu Jun 19 2025 00:00:00 GMT+0900 (Korean Standard Time),,,,,105075.2,,,,
Fri Jun 20 2025 00:00:00 GMT+0900 (Korean Standard Time),36.23,526.83,21.21,225.11,104637,5967.84,19447.41,42206.82,20.62
Sat Jun 21 2025 00:00:00 GMT+0900 (Korean Standard Time),,,,,103589.5,,,,
Sun Jun 22 2025 00:00:00 GMT+0900 (Korean Standard Time),,,,,102394.4,,,,
Mon Jun 23 2025 00:00:00 GMT+0900 (Korean Standard Time),37.35,531.65,21.58,226.51,101220,6025.17,19630.97,42581.78,19.83
Tue Jun 24 2025 00:00:00 GMT+0900 (Korean Standard Time),39.05,539.78,23.95,235.1,105019,6092.18,19912.53,43089.02,17.48
Wed Jun 25 2025 00:00:00 GMT+0900 (Korean Standard Time),39.24,541.16,24.58,237.21,106311.5,6092.16,19973.55,42982.43,16.76
Thu Jun 26 2025 00:00:00 GMT+0900 (Korean Standard Time),40.32,546.22,25.2,239.07,107899.3,6141.02,20167.91,43386.84,16.59
Fri Jun 27 2025 00:00:00 GMT+0900 (Korean Standard Time),40.71,548.09,25.11,238.86,107523.7,6173.07,20273.46,43819.27,16.32
Sat Jun 28 2025 00:00:00 GMT+0900 (Korean Standard Time),,,,,107342.2,,,,
Sun Jun 29 2025 00:00:00 GMT+0900 (Korean Standard Time),,,,,107249.3,,,,
Mon Jun 30 2025 00:00:00 GMT+0900 (Korean Standard Time),41.5,551.64,25.11,238.7,108527.5,6204.95,20369.73,44094.77,16.73
Tue Jul 01 2025 00:00:00 GMT+0900 (Korean Standard Time),40.45,546.99,24.71,237.62,107217.4,6198.01,20202.89,44494.94,16.83
Wed Jul 02 2025 00:00:00 GMT+0900 (Korean Standard Time),41.25,550.8,26.05,242.14,106255.1,6227.42,20393.13,44484.42,16.64
Thu Jul 03 2025 00:00:00 GMT+0900 (Korean Standard Time),42.41,556.22,26.43,243.34,108696.5,6279.35,20601.1,44828.53,16.38
Fri Jul 04 2025 00:00:00 GMT+0900 (Korean Standard Time),,,,,109273.1,,,,
Sat Jul 05 2025 00:00:00 GMT+0900 (Korean Standard Time),,,,,108230,,,,
Sun Jul 06 2025 00:00:00 GMT+0900 (Korean Standard Time),,,,,108114,,,,
Mon Jul 07 2025 00:00:00 GMT+0900 (Korean Standard Time),41.46,552.03,24.97,238.78,109395.1,6229.98,20412.52,44406.36,17.79
Tue Jul 08 2025 00:00:00 GMT+0900 (Korean Standard Time),41.52,552.34,26.37,243.34,107904.3,6225.52,20418.46,44240.76,16.81
Wed Jul 09 2025 00:00:00 GMT+0900 (Korean Standard Time),42.38,556.25,26.65,244.12,108395.8,6263.26,20611.34,44458.3,15.94
Thu Jul 10 2025 00:00:00 GMT+0900 (Korean Standard Time),42.18,555.45,27.37,246.55,111090.1,6280.46,20630.67,44650.64,15.78
Fri Jul 11 2025 00:00:00 GMT+0900 (Korean Standard Time),41.86,554.2,27.29,246.17,116768.2,6259.75,20585.53,44371.51,16.4
Sat Jul 12 2025 00:00:00 GMT+0900 (Korean Standard Time),,,,,117568.8,,,,
Sun Jul 13 2025 00:00:00 GMT+0900 (Korean Standard Time),,,,,117603.5,,,,
Mon Jul 14 2025 00:00:00 GMT+0900 (Korean Standard Time),42.31,556.21,26.5,243.83,120551.9,6268.56,20640.33,44459.65,17.2
Tue Jul 15 2025 00:00:00 GMT+0900 (Korean Standard Time),42.42,556.72,27.29,246.26,117226.1,6243.76,20677.8,44023.29,17.38
Wed Jul 16 2025 00:00:00 GMT+0900 (Korean Standard Time),42.54,557.29,27.03,245.59,117489.6,6263.7,20730.49,44254.78,17.16
Thu Jul 17 2025 00:00:00 GMT+0900 (Korean Standard Time),43.53,561.8,27.32,246.53,118070.4,6297.36,20885.65,44484.49,16.52
Fri Jul 18 2025 00:00:00 GMT+0900 (Korean Standard Time),43.38,561.26,27.33,246.73,120280.7,6296.79,20895.66,44342.19,16.41
Sat Jul 19 2025 00:00:00 GMT+0900 (Korean Standard Time),,,,,118353.3,,,,
Sun Jul 20 2025 00:00:00 GMT+0900 (Korean Standard Time),,,,,117985.7,,,,
Mon Jul 21 2025 00:00:00 GMT+0900 (Korean Standard Time),44.04,564.17,27.5,246.95,118429.2,6305.6,20974.18,44323.07,16.65
Tue Jul 22 2025 00:00:00 GMT+0900 (Korean Standard Time),43.35,561.25,26.32,243.54,117213.8,6309.62,20892.69,44502.44,16.5
Wed Jul 23 2025 00:00:00 GMT+0900 (Korean Standard Time),43.92,563.81,25.78,242.06,118637.6,6358.91,21020.02,45010.29,15.37
Thu Jul 24 2025 00:00:00 GMT+0900 (Korean Standard Time),44.21,565.01,25.62,241.56,118580.6,6363.35,21057.96,44693.91,15.39
Fri Jul 25 2025 00:00:00 GMT+0900 (Korean Standard Time),44.46,566.37,25.6,241.54,115420.2,6388.64,21108.32,44901.92,14.93
Sat Jul 26 2025 00:00:00 GMT+0900 (Korean Standard Time),,,,,117570.6,,,,
Sun Jul 27 2025 00:00:00 GMT+0900 (Korean Standard Time),,,,,118208.3,,,,
Mon Jul 28 2025 00:00:00 GMT+0900 (Korean Standard Time),44.89,568.14,26.88,245.75,119283.7,6389.77,21178.58,44837.56,15.03
Tue Jul 29 2025 00:00:00 GMT+0900 (Korean Standard Time),44.69,567.26,27.03,246.19,118757.1,6370.86,21098.29,44632.99,15.98
Wed Jul 30 2025 00:00:00 GMT+0900 (Korean Standard Time),44.85,568.02,27.61,247.95,118176.2,6362.9,21129.67,44461.28,15.48
Thu Jul 31 2025 00:00:00 GMT+0900 (Korean Standard Time),44.11,565.01,24.98,240.03,118454.4,6339.39,21122.45,44130.98,16.72
Fri Aug 01 2025 00:00:00 GMT+0900 (Korean Standard Time),41.46,553.88,24.08,237.24,115672.4,6238.01,20650.13,43588.58,20.38
Sat Aug 02 2025 00:00:00 GMT+0900 (Korean Standard Time),,,,,113941.1,,,,
Sun Aug 03 2025 00:00:00 GMT+0900 (Korean Standard Time),,,,,113730.6,,,,
Mon Aug 04 2025 00:00:00 GMT+0900 (Korean Standard Time),43.73,564.1,25,240.4,114696.1,6329.94,21053.58,44173.64,17.52
Tue Aug 05 2025 00:00:00 GMT+0900 (Korean Standard Time),42.82,560.27,24.52,238.73,114348.2,6299.19,20916.55,44111.74,17.85
Wed Aug 06 2025 00:00:00 GMT+0900 (Korean Standard Time),44.42,567.32,23.99,236.93,113574.9,6345.06,21169.42,44193.12,16.77
Thu Aug 07 2025 00:00:00 GMT+0900 (Korean Standard Time),44.87,569.24,25,240.84,114485.2,6340,21242.7,43968.64,16.57
Fri Aug 08 2025 00:00:00 GMT+0900 (Korean Standard Time),46.08,574.55,25.71,242.87,116770.3,6389.45,21450.02,44175.61,15.15
Sat Aug 09 2025 00:00:00 GMT+0900 (Korean Standard Time),,,,,116364.7,,,,
Sun Aug 10 2025 00:00:00 GMT+0900 (Korean Standard Time),,,,,118231.9,,,,
Mon Aug 11 2025 00:00:00 GMT+0900 (Korean Standard Time),45.68,572.85,25.61,242.41,121660.9,6373.45,21385.4,43975.09,16.25
Tue Aug 12 2025 00:00:00 GMT+0900 (Korean Standard Time),47.36,580.05,28,250.16,118849,6445.76,21681.9,44458.61,14.73
Wed Aug 13 2025 00:00:00 GMT+0900 (Korean Standard Time),47.43,580.34,29.27,253.88,119442.5,6466.58,21713.14,44922.27,14.49
Thu Aug 14 2025 00:00:00 GMT+0900 (Korean Standard Time),47.3,579.89,29.42,254.14,123332,6468.54,21710.67,44911.26,14.83
Fri Aug 15 2025 00:00:00 GMT+0900 (Korean Standard Time),46.63,577.34,27.37,248.32,119074.5,6449.8,21622.98,44946.12,
Sat Aug 16 2025 00:00:00 GMT+0900 (Korean Standard Time),,,,,117555.5,,,,
Sun Aug 17 2025 00:00:00 GMT+0900 (Korean Standard Time),,,,,117792.9,,,,
Mon Aug 18 2025 00:00:00 GMT+0900 (Korean Standard Time),46.57,577.11,27.53,249.05,115416.2,6449.15,21629.77,44911.82,14.99
Tue Aug 19 2025 00:00:00 GMT+0900 (Korean Standard Time),44.67,569.28,26.24,245.15,114931.1,6411.37,21314.95,44922.27,15.57
Wed Aug 20 2025 00:00:00 GMT+0900 (Korean Standard Time),43.86,565.9,25.8,243.74,113569.7,6395.78,21172.86,44938.31,15.69
Thu Aug 21 2025 00:00:00 GMT+0900 (Korean Standard Time),43.25,563.28,25.35,242.36,114004.5,6370.17,21100.31,44785.5,16.6
Fri Aug 22 2025 00:00:00 GMT+0900 (Korean Standard Time),45.19,571.97,27.45,249.09,112946.4,6466.91,21496.54,45631.74,14.22
Sat Aug 23 2025 00:00:00 GMT+0900 (Korean Standard Time),,,,,115468.4,,,,
Sun Aug 24 2025 00:00:00 GMT+0900 (Korean Standard Time),,,,,114920.5,,,,
Mon Aug 25 2025 00:00:00 GMT+0900 (Korean Standard Time),44.8,570.32,27.3,248.51,113044.1,6439.32,21449.29,45282.47,14.79
Tue Aug 26 2025 00:00:00 GMT+0900 (Korean Standard Time),45.32,572.61,27.94,250.85,109923.5,6465.94,21544.27,45418.07,14.62
Wed Aug 27 2025 00:00:00 GMT+0900 (Korean Standard Time),45.52,573.49,28.18,251.34,111478.5,6481.4,21590.14,45565.23,14.85
Thu Aug 28 2025 00:00:00 GMT+0900 (Korean Standard Time),46.35,577.08,28.53,252.55,112032,6501.86,21705.16,45636.9,14.43
Fri Aug 29 2025 00:00:00 GMT+0900 (Korean Standard Time),44.68,570.4,26.04,245.32,111769.5,6460.26,21455.55,45544.88,15.36
Sat Aug 30 2025 00:00:00 GMT+0900 (Korean Standard Time),,,,,108454.4,,,,
Sun Aug 31 2025 00:00:00 GMT+0900 (Korean Standard Time),,,,,109251.6,,,,
Mon Sep 01 2025 00:00:00 GMT+0900 (Korean Standard Time),,,,,107694.3,,,,
Tue Sep 02 2025 00:00:00 GMT+0900 (Korean Standard Time),43.54,565.62,25.25,242.83,110374.9,6415.54,21279.63,45295.81,17.17
Wed Sep 03 2025 00:00:00 GMT+0900 (Korean Standard Time),44.56,570.07,24.91,241.68,111092.6,6448.26,21497.73,45271.23,16.35
Thu Sep 04 2025 00:00:00 GMT+0900 (Korean Standard Time),45.76,575.23,25.65,244.17,111195.7,6502.08,21707.69,45621.29,15.3
Fri Sep 05 2025 00:00:00 GMT+0900 (Korean Standard Time),45.91,576.06,26.45,247.05,111318.7,6481.5,21700.39,45400.86,15.18
Sat Sep 06 2025 00:00:00 GMT+0900 (Korean Standard Time),,,,,111097.1,,,,
Sun Sep 07 2025 00:00:00 GMT+0900 (Korean Standard Time),,,,,110679.5,,,,
Mon Sep 08 2025 00:00:00 GMT+0900 (Korean Standard Time),46.57,578.87,27.08,248.85,111083.6,6495.15,21798.7,45514.95,15.11
Tue Sep 09 2025 00:00:00 GMT+0900 (Korean Standard Time),46.95,580.51,27.18,249.06,111718.2,6512.61,21879.49,45711.34,15.04
Wed Sep 10 2025 00:00:00 GMT+0900 (Korean Standard Time),47,580.7,28.6,253.45,111504.8,6532.04,21886.06,45490.92,15.35
Thu Sep 11 2025 00:00:00 GMT+0900 (Korean Standard Time),47.79,584.08,29.17,255.19,114409.8,6587.47,22043.08,46108,14.71
Fri Sep 12 2025 00:00:00 GMT+0900 (Korean Standard Time),48.38,586.66,29.3,255.64,115269,6584.29,22141.1,45834.22,14.76
Sat Sep 13 2025 00:00:00 GMT+0900 (Korean Standard Time),,,,,115966.3,,,,
Sun Sep 14 2025 00:00:00 GMT+0900 (Korean Standard Time),,,,,115717.9,,,,
Mon Sep 15 2025 00:00:00 GMT+0900 (Korean Standard Time),49.62,591.68,30,257.8,115537.4,6615.28,22348.75,45883.45,15.69
Tue Sep 16 2025 00:00:00 GMT+0900 (Korean Standard Time),49.48,591.18,30.48,258.58,115383.4,6606.76,22333.96,45757.9,16.36
Wed Sep 17 2025 00:00:00 GMT+0900 (Korean Standard Time),49.17,590,30.47,258.53,116474.5,6600.35,22261.33,46018.32,15.72
Thu Sep 18 2025 00:00:00 GMT+0900 (Korean Standard Time),50.49,595.32,33.64,267.57,117656.3,6631.96,22470.73,46142.42,15.7
Fri Sep 19 2025 00:00:00 GMT+0900 (Korean Standard Time),51.49,599.35,33.02,265.86,117005.3,6664.36,22631.48,46315.27,15.45
Sat Sep 20 2025 00:00:00 GMT+0900 (Korean Standard Time),,,,,115543.5,,,,
Sun Sep 21 2025 00:00:00 GMT+0900 (Korean Standard Time),,,,,115706.1,,,,
Mon Sep 22 2025 00:00:00 GMT+0900 (Korean Standard Time),52.36,602.2,34.43,269.83,114688.9,6693.75,22788.98,46381.54,16.1
Tue Sep 23 2025 00:00:00 GMT+0900 (Korean Standard Time),51.31,598.2,34.3,269.51,112387.7,6656.92,22573.47,46292.78,16.64
Wed Sep 24 2025 00:00:00 GMT+0900 (Korean Standard Time),50.71,596.1,34.2,269.1,111792,6637.97,22497.86,46121.28,16.18
Thu Sep 25 2025 00:00:00 GMT+0900 (Korean Standard Time),50.03,593.53,33.85,268.24,,6604.72,22384.7,,16.74
Fri Sep 26 2025 00:00:00 GMT+0900 (Korean Standard Time),50.63,595.97,34.02,268.83,109653.5,6643.7,22484.07,46247.29,15.29
Sat Sep 27 2025 00:00:00 GMT+0900 (Korean Standard Time),,,,,109648.7,,,,
Sun Sep 28 2025 00:00:00 GMT+0900 (Korean Standard Time),,,,,109587.9,,,,
Mon Sep 29 2025 00:00:00 GMT+0900 (Korean Standard Time),51.3,598.73,34.02,268.93,111908.8,6661.21,22591.15,46316.07,16.12
Tue Sep 30 2025 00:00:00 GMT+0900 (Korean Standard Time),51.7,600.37,34.84,271.12,114433.1,6688.46,22660.01,46397.89,16.28
Wed Oct 01 2025 00:00:00 GMT+0900 (Korean Standard Time),52.43,603.25,36.86,276.34,114193.7,6711.2,22755.16,46441.1,16.29
Thu Oct 02 2025 00:00:00 GMT+0900 (Korean Standard Time),53.07,605.73,39.08,281.69,118786.4,6715.35,22844.05,46519.72,16.63
Fri Oct 03 2025 00:00:00 GMT+0900 (Korean Standard Time),52.35,603.18,38.23,279.96,120281.6,6715.79,22780.51,46758.28,16.65
Sat Oct 04 2025 00:00:00 GMT+0900 (Korean Standard Time),,,,,122260.8,,,,
Sun Oct 05 2025 00:00:00 GMT+0900 (Korean Standard Time),,,,,123742.9,,,,
Mon Oct 06 2025 00:00:00 GMT+0900 (Korean Standard Time),53.52,607.71,41.71,288.36,123857.1,6740.28,22941.67,46694.97,16.37
Tue Oct 07 2025 00:00:00 GMT+0900 (Korean Standard Time),52.66,604.51,38.83,281.91,124310.6,6714.59,22788.36,46602.98,17.24
Wed Oct 08 2025 00:00:00 GMT+0900 (Korean Standard Time),54.44,611.44,42.78,291.54,121424.4,6753.72,23043.38,46601.78,16.3
Thu Oct 09 2025 00:00:00 GMT+0900 (Korean Standard Time),54.23,610.7,42.24,290.19,122059.6,6735.11,23024.63,46358.42,16.43
Fri Oct 10 2025 00:00:00 GMT+0900 (Korean Standard Time),48.54,589.5,34.21,271.99,121146,6552.51,22204.43,45479.6,21.66
Sat Oct 11 2025 00:00:00 GMT+0900 (Korean Standard Time),,,,,112580.3,,,,
Sun Oct 12 2025 00:00:00 GMT+0900 (Korean Standard Time),,,,,111039.5,,,,
Mon Oct 13 2025 00:00:00 GMT+0900 (Korean Standard Time),51.62,602.01,39.14,284.87,114934.2,6654.72,22694.61,46067.58,19.03
Tue Oct 14 2025 00:00:00 GMT+0900 (Korean Standard Time),50.57,598,36.63,279.03,113612.7,6644.31,22521.7,46270.46,20.81
Wed Oct 15 2025 00:00:00 GMT+0900 (Korean Standard Time),51.6,602.22,39.98,287.64,112138.6,6671.06,22670.08,46253.31,20.64
Thu Oct 16 2025 00:00:00 GMT+0900 (Korean Standard Time),51.03,599.99,40.57,288.98,111449.5,6629.07,22562.54,45952.24,25.31
Fri Oct 17 2025 00:00:00 GMT+0900 (Korean Standard Time),52,603.93,40.29,288.17,109176.5,6664.01,22679.98,46190.61,20.78
Sat Oct 18 2025 00:00:00 GMT+0900 (Korean Standard Time),,,,,107158.5,,,,
Sun Oct 19 2025 00:00:00 GMT+0900 (Korean Standard Time),,,,,107365.6,,,,
Mon Oct 20 2025 00:00:00 GMT+0900 (Korean Standard Time),53.95,611.54,42.24,292.97,110245.1,6735.13,22990.54,46706.58,18.23
Tue Oct 21 2025 00:00:00 GMT+0900 (Korean Standard Time),53.89,611.38,41.51,291.33,109157.9,6735.35,22953.67,46924.74,17.87
Wed Oct 22 2025 00:00:00 GMT+0900 (Korean Standard Time),52.3,605.49,38.39,284.13,108213.7,6699.4,22740.4,46590.41,18.6
Thu Oct 23 2025 00:00:00 GMT+0900 (Korean Standard Time),53.61,610.58,41.17,291.06,108418.6,6738.44,22941.8,46734.61,17.3
Fri Oct 24 2025 00:00:00 GMT+0900 (Korean Standard Time),55.28,617.1,43.14,295.86,110466.5,6791.69,23204.87,47207.12,16.37
Sat Oct 25 2025 00:00:00 GMT+0900 (Korean Standard Time),,,,,111077.3,,,,
Sun Oct 26 2025 00:00:00 GMT+0900 (Korean Standard Time),,,,,111284.2,,,,
Mon Oct 27 2025 00:00:00 GMT+0900 (Korean Standard Time),58.22,628.09,46.84,304.08,114960.8,6875.16,23637.46,47544.59,15.79
Tue Oct 28 2025 00:00:00 GMT+0900 (Korean Standard Time),59.55,632.92,46.96,304.45,113911,6890.89,23827.49,47706.37,16.42
Wed Oct 29 2025 00:00:00 GMT+0900 (Korean Standard Time),60.31,635.77,49.38,309.6,112562.7,6890.59,23958.47,47632,16.92
Thu Oct 30 2025 00:00:00 GMT+0900 (Korean Standard Time),57.55,626.05,47.39,305.41,110670.7,6822.34,23581.14,47522.12,16.91
Fri Oct 31 2025 00:00:00 GMT+0900 (Korean Standard Time),58.36,629.07,47.78,306.55,109243.2,6840.2,23724.96,47562.87,17.44
Sat Nov 01 2025 00:00:00 GMT+0900 (Korean Standard Time),,,,,110267.2,,,,
Sun Nov 02 2025 00:00:00 GMT+0900 (Korean Standard Time),,,,,110087.4,,,,
Mon Nov 03 2025 00:00:00 GMT+0900 (Korean Standard Time),59.16,632.08,48.58,308.38,107870.7,6851.97,23834.72,47336.68,17.17
Tue Nov 04 2025 00:00:00 GMT+0900 (Korean Standard Time),55.54,619.25,42.8,296.26,106774.8,6771.55,23348.64,47085.24,19
Wed Nov 05 2025 00:00:00 GMT+0900 (Korean Standard Time),56.62,623.28,46.83,305.47,101937.4,6796.29,23499.8,47311,18.01
Thu Nov 06 2025 00:00:00 GMT+0900 (Korean Standard Time),53.45,611.67,43.01,297.5,103976.1,6720.32,23053.99,46912.3,19.5
Fri Nov 07 2025 00:00:00 GMT+0900 (Korean Standard Time),52.89,609.74,41.74,294.38,101913.8,6728.8,23004.54,46987.1,19.08
Sat Nov 08 2025 00:00:00 GMT+0900 (Korean Standard Time),,,,,102535.7,,,,
Sun Nov 09 2025 00:00:00 GMT+0900 (Korean Standard Time),,,,,101740.2,,,,
Mon Nov 10 2025 00:00:00 GMT+0900 (Korean Standard Time),56.36,623.23,44.96,302,106164.8,6832.43,23527.17,47368.63,17.6
Tue Nov 11 2025 00:00:00 GMT+0900 (Korean Standard Time),55.89,621.57,41.81,295.15,105733,6846.61,23468.3,47927.96,17.28
Wed Nov 12 2025 00:00:00 GMT+0900 (Korean Standard Time),55.78,621.08,43.71,299.67,103227,6850.92,23406.46,48254.82,17.51
Thu Nov 13 2025 00:00:00 GMT+0900 (Korean Standard Time),52.33,608.4,39.22,289.38,102177.3,6737.49,22870.36,47457.22,20
Fri Nov 14 2025 00:00:00 GMT+0900 (Korean Standard Time),52.37,608.86,38.86,288.52,97826.84,6734.11,22900.59,47147.48,19.83
Sat Nov 15 2025 00:00:00 GMT+0900 (Korean Standard Time),,,,,96129.48,,,,
Sun Nov 16 2025 00:00:00 GMT+0900 (Korean Standard Time),,,,,95801.09,,,,
Mon Nov 17 2025 00:00:00 GMT+0900 (Korean Standard Time),51.03,603.66,36.84,283.56,95168.88,6672.41,22708.08,46590.24,22.38
Tue Nov 18 2025 00:00:00 GMT+0900 (Korean Standard Time),49.18,596.31,34.35,276.98,90089.49,6617.32,22432.85,46091.74,24.69
Wed Nov 19 2025 00:00:00 GMT+0900 (Korean Standard Time),50.03,599.87,35.96,281.61,91386.52,6642.16,22564.23,46138.77,23.66
Thu Nov 20 2025 00:00:00 GMT+0900 (Korean Standard Time),46.45,585.67,30.81,268.1,92760.46,6538.76,22078.05,45752.26,26.42
Fri Nov 21 2025 00:00:00 GMT+0900 (Korean Standard Time),47.48,590.07,31.73,270.83,85973.09,6602.99,22273.08,46245.41,23.43
Sat Nov 22 2025 00:00:00 GMT+0900 (Korean Standard Time),,,,,84209.42,,,,
Sun Nov 23 2025 00:00:00 GMT+0900 (Korean Standard Time),,,,,86540.84,,,,
Mon Nov 24 2025 00:00:00 GMT+0900 (Korean Standard Time),51.08,605.16,35.86,282.7,86719.09,6705.12,22872.01,46448.27,20.52
Tue Nov 25 2025 00:00:00 GMT+0900 (Korean Standard Time),52.01,608.89,36.17,283.58,88321.3,6765.88,23025.59,47112.45,18.56
Wed Nov 26 2025 00:00:00 GMT+0900 (Korean Standard Time),53.37,614.27,39.19,291.39,87244.85,6812.61,23214.69,47427.12,17.19
Thu Nov 27 2025 00:00:00 GMT+0900 (Korean Standard Time),,,,,91284.55,,,,
Fri Nov 28 2025 00:00:00 GMT+0900 (Korean Standard Time),54.54,619.25,41.26,296.74,91452.75,6849.09,23365.69,47716.42,16.35
Sat Nov 29 2025 00:00:00 GMT+0900 (Korean Standard Time),,,,,90869.59,,,,
Sun Nov 30 2025 00:00:00 GMT+0900 (Korean Standard Time),,,,,90899.38,,,,
Mon Dec 01 2025 00:00:00 GMT+0900 (Korean Standard Time),54.05,617.17,41.31,296.92,85807.97,6812.63,23275.92,47289.33,17.24
Tue Dec 02 2025 00:00:00 GMT+0900 (Korean Standard Time),55.3,622,43.8,302.84,86966.17,6829.37,23413.67,47474.46,16.59
Wed Dec 03 2025 00:00:00 GMT+0900 (Korean Standard Time),55.69,623.52,46.58,309.36,93258.06,6849.72,23454.09,47882.9,16.08
Thu Dec 04 2025 00:00:00 GMT+0900 (Korean Standard Time),55.51,622.94,45.16,306.28,93346.89,6857.12,23505.14,47850.94,15.78
Fri Dec 05 2025 00:00:00 GMT+0900 (Korean Standard Time),56.15,625.48,46.5,309.4,92027.11,6870.4,23578.13,47954.99,15.41
Sat Dec 06 2025 00:00:00 GMT+0900 (Korean Standard Time),,,,,89708.7,,,,
Sun Dec 07 2025 00:00:00 GMT+0900 (Korean Standard Time),,,,,89579.54,,,,
Mon Dec 08 2025 00:00:00 GMT+0900 (Korean Standard Time),55.8,624.28,47.99,312.76,91282.38,6846.51,23545.9,47739.32,16.66
Tue Dec 09 2025 00:00:00 GMT+0900 (Korean Standard Time),56.01,625.05,47.79,312.18,89955.87,6840.51,23576.49,47560.29,16.93
Wed Dec 10 2025 00:00:00 GMT+0900 (Korean Standard Time),56.65,627.61,49.65,316.33,92571.52,6886.68,23654.16,48057.75,15.77
Thu Dec 11 2025 00:00:00 GMT+0900 (Korean Standard Time),56.11,625.58,48.79,314.52,90467.98,6901,23593.86,48704.01,14.85
Fri Dec 12 2025 00:00:00 GMT+0900 (Korean Standard Time),52.82,613.62,41.71,299.48,92399.02,6827.41,23195.17,48458.05,15.74
Sat Dec 13 2025 00:00:00 GMT+0900 (Korean Standard Time),,,,,90401.97,,,,
Sun Dec 14 2025 00:00:00 GMT+0900 (Korean Standard Time),,,,,90207.59,,,,
Mon Dec 15 2025 00:00:00 GMT+0900 (Korean Standard Time),52.02,610.54,41.18,298.01,89679.57,6816.51,23057.41,48416.56,16.5
Tue Dec 16 2025 00:00:00 GMT+0900 (Korean Standard Time),52.33,611.75,40.49,296.2,85827.9,6800.26,23111.46,48114.26,16.48
Wed Dec 17 2025 00:00:00 GMT+0900 (Korean Standard Time),49.4,600.41,36.01,285.23,86794.84,6721.43,22693.32,47885.97,17.62
Thu Dec 18 2025 00:00:00 GMT+0900 (Korean Standard Time),51.51,609.11,38.58,292.04,86757.41,6774.76,23006.36,47951.85,16.87
Fri Dec 19 2025 00:00:00 GMT+0900 (Korean Standard Time),53.52,617.05,41.72,299.81,87073.13,6834.5,23307.62,48134.89,14.91
Sat Dec 20 2025 00:00:00 GMT+0900 (Korean Standard Time),,,,,88252.01,,,,
Sun Dec 21 2025 00:00:00 GMT+0900 (Korean Standard Time),,,,,88081.58,,,,
Mon Dec 22 2025 00:00:00 GMT+0900 (Korean Standard Time),54.25,619.21,43.26,303.84,88877.88,6878.49,23428.83,48362.68,14.08
Tue Dec 23 2025 00:00:00 GMT+0900 (Korean Standard Time),55.01,622.11,43.7,304.96,87973.69,6909.79,23561.84,48442.41,14
Wed Dec 24 2025 00:00:00 GMT+0900 (Korean Standard Time),55.36,623.93,44.21,306.14,87095.54,6932.05,23613.31,48731.16,13.47
Thu Dec 25 2025 00:00:00 GMT+0900 (Korean Standard Time),,,,,87768.72,,,,
Fri Dec 26 2025 00:00:00 GMT+0900 (Korean Standard Time),55.31,623.89,44.21,306.04,88915.34,6929.94,23593.1,48710.97,13.6
Sat Dec 27 2025 00:00:00 GMT+0900 (Korean Standard Time),,,,,87459.36,,,,
Sun Dec 28 2025 00:00:00 GMT+0900 (Korean Standard Time),,,,,87687.36,,,,
Mon Dec 29 2025 00:00:00 GMT+0900 (Korean Standard Time),54.49,620.87,43.82,305.32,90085.48,6905.74,23474.35,48461.93,14.2
Tue Dec 30 2025 00:00:00 GMT+0900 (Korean Standard Time),54.1,619.43,43.67,304.92,87222.09,6896.24,23419.08,48367.06,14.33
Wed Dec 31 2025 00:00:00 GMT+0900 (Korean Standard Time),52.72,614.31,42.03,301.15,88262.84,6845.5,23241.99,48063.29,14.95
Thu Jan 01 2026 00:00:00 GMT+0900 (Korean Standard Time),,,,,87412.91,,,,
Fri Jan 02 2026 00:00:00 GMT+0900 (Korean Standard Time),52.35,613.12,47.24,313.69,88546.95,6858.47,23235.63,48382.39,14.51
Sat Jan 03 2026 00:00:00 GMT+0900 (Korean Standard Time),,,,,90135.61,,,,
Sun Jan 04 2026 00:00:00 GMT+0900 (Korean Standard Time),,,,,91374.73,,,,
Mon Jan 05 2026 00:00:00 GMT+0900 (Korean Standard Time),53.6,617.99,49.22,318.06,92558.38,6902.05,23395.82,48977.18,14.9
Tue Jan 06 2026 00:00:00 GMT+0900 (Korean Standard Time),55.01,623.42,54.01,328.35,93811.61,6944.82,23547.17,49462.08,14.75
Wed Jan 07 2026 00:00:00 GMT+0900 (Korean Standard Time),55.17,624.02,52.29,324.89,92624.93,6920.93,23584.28,48996.08,15.38
Thu Jan 08 2026 00:00:00 GMT+0900 (Korean Standard Time),54.19,620.47,49.65,319.58,90943.31,6921.46,23480.02,49266.11,15.45
Fri Jan 09 2026 00:00:00 GMT+0900 (Korean Standard Time),55.76,626.65,53.95,328.78,90943.1,6966.28,23671.35,49504.07,14.49
Sat Jan 10 2026 00:00:00 GMT+0900 (Korean Standard Time),,,,,90363.65,,,,
Sun Jan 11 2026 00:00:00 GMT+0900 (Korean Standard Time),,,,,90709.49,,,,
Mon Jan 12 2026 00:00:00 GMT+0900 (Korean Standard Time),55.89,627.17,54.65,330.35,92059.3,6977.27,23733.9,49590.2,15.12
Tue Jan 13 2026 00:00:00 GMT+0900 (Korean Standard Time),55.6,626.24,56.07,333.3,91418.2,6963.74,23709.87,49191.99,15.98
Wed Jan 14 2026 00:00:00 GMT+0900 (Korean Standard Time),53.83,619.55,55.38,331.9,95200.37,6926.6,23471.75,49149.63,16.75
Thu Jan 15 2026 00:00:00 GMT+0900 (Korean Standard Time),54.38,621.78,58.08,337.22,96151.22,6944.47,23530.02,49442.44,15.84
Fri Jan 16 2026 00:00:00 GMT+0900 (Korean Standard Time),54.14,621.26,60.75,342.47,95175.93,6940.01,23515.39,49359.33,15.86
Sat Jan 17 2026 00:00:00 GMT+0900 (Korean Standard Time),,,,,95310.19,,,,
Sun Jan 18 2026 00:00:00 GMT+0900 (Korean Standard Time),,,,,95063.91,,,,
Mon Jan 19 2026 00:00:00 GMT+0900 (Korean Standard Time),,,,,92683,,,,
Tue Jan 20 2026 00:00:00 GMT+0900 (Korean Standard Time),50.73,608.06,57.94,337.35,92019.8,6796.86,22954.32,48488.59,20.09
Wed Jan 21 2026 00:00:00 GMT+0900 (Korean Standard Time),52.73,616.28,63.48,348.14,89371.68,6875.62,23224.83,49077.23,16.9
Thu Jan 22 2026 00:00:00 GMT+0900 (Korean Standard Time),53.9,620.76,63.72,348.67,89965.64,6913.35,23436.02,49384.01,15.64
Fri Jan 23 2026 00:00:00 GMT+0900 (Korean Standard Time),54.38,622.72,61.6,344.71,89911.09,6915.61,23501.24,49098.71,16.09
Sat Jan 24 2026 00:00:00 GMT+0900 (Korean Standard Time),,,,,89764.01,,,,
Sun Jan 25 2026 00:00:00 GMT+0900 (Korean Standard Time),,,,,88937.02,,,,
Mon Jan 26 2026 00:00:00 GMT+0900 (Korean Standard Time),55.08,625.46,60.7,343.07,87654.15,6950.23,23601.36,49412.4,16.15
Tue Jan 27 2026 00:00:00 GMT+0900 (Korean Standard Time),56.54,631.13,64.96,351.08,88536.09,6978.6,23817.1,49003.41,16.35
Wed Jan 28 2026 00:00:00 GMT+0900 (Korean Standard Time),57.06,633.22,70.09,360.46,88897,6978.03,23857.45,49015.6,16.35
Thu Jan 29 2026 00:00:00 GMT+0900 (Korean Standard Time),56.04,629.43,70.47,361.13,88228.84,6969.01,23685.12,49071.56,16.88
Fri Jan 30 2026 00:00:00 GMT+0900 (Korean Standard Time),54,621.87,61.79,346.3,82837.99,6939.03,23461.82,48892.47,17.44
Sat Jan 31 2026 00:00:00 GMT+0900 (Korean Standard Time),,,,,83894.56,,,,
Sun Feb 01 2026 00:00:00 GMT+0900 (Korean Standard Time),,,,,79017.39,,,,
Mon Feb 02 2026 00:00:00 GMT+0900 (Korean Standard Time),55.1,626.14,65.2,352.69,75874.71,6976.44,23592.11,49407.66,16.34
Tue Feb 03 2026 00:00:00 GMT+0900 (Korean Standard Time),52.52,616.52,61.2,345.64,78766.83,6917.81,23255.19,49240.99,18
Wed Feb 04 2026 00:00:00 GMT+0900 (Korean Standard Time),49.76,605.75,53.19,330.38,76405.83,6882.72,22904.58,49501.3,18.64
Thu Feb 05 2026 00:00:00 GMT+0900 (Korean Standard Time),47.64,597.03,53.25,330.83,70770.99,6798.4,22540.59,48908.72,21.77
Fri Feb 06 2026 00:00:00 GMT+0900 (Korean Standard Time),50.59,609.65,61.75,348.51,64856.11,6932.3,23031.21,50115.67,17.76
Sat Feb 07 2026 00:00:00 GMT+0900 (Korean Standard Time),,,,,70748.48,,,,
Sun Feb 08 2026 00:00:00 GMT+0900 (Korean Standard Time),,,,,69290.04,,,,
Mon Feb 09 2026 00:00:00 GMT+0900 (Korean Standard Time),51.74,614.32,64.03,352.77,71006.41,6964.82,23238.67,50135.87,17.36
Tue Feb 10 2026 00:00:00 GMT+0900 (Korean Standard Time),51.02,611.47,63.34,351.43,69832.38,6941.81,23102.47,50188.14,17.79
Wed Feb 11 2026 00:00:00 GMT+0900 (Korean Standard Time),51.4,613.11,68.05,360.2,67542.55,6941.47,23066.47,50121.4,17.65
Thu Feb 12 2026 00:00:00 GMT+0900 (Korean Standard Time),48.26,600.64,63.1,351.5,67033.27,6832.76,22597.15,49451.98,20.82
Fri Feb 13 2026 00:00:00 GMT+0900 (Korean Standard Time),48.47,601.92,64.59,354.66,66371.5,6836.17,22546.67,49500.93,20.6
Sat Feb 14 2026 00:00:00 GMT+0900 (Korean Standard Time),,,,,68814.16,,,,
Sun Feb 15 2026 00:00:00 GMT+0900 (Korean Standard Time),,,,,70184.87,,,,
Mon Feb 16 2026 00:00:00 GMT+0900 (Korean Standard Time),,,,,68865.44,,,,
Tue Feb 17 2026 00:00:00 GMT+0900 (Korean Standard Time),48.35,601.3,64.35,354.1,68441.63,6843.22,22578.38,49533.19,20.29
Wed Feb 18 2026 00:00:00 GMT+0900 (Korean Standard Time),49.39,605.79,66.29,357.92,67804.04,6881.31,22753.64,49662.66,19.62
Thu Feb 19 2026 00:00:00 GMT+0900 (Korean Standard Time),48.83,603.47,65.23,355.84,66838.42,6861.89,22682.73,49395.16,20.23
Fri Feb 20 2026 00:00:00 GMT+0900 (Korean Standard Time),50.06,608.81,67.11,359.43,67278.25,6909.51,22886.07,49625.97,19.09
Sat Feb 21 2026 00:00:00 GMT+0900 (Korean Standard Time),,,,,67823.55,,,,
Sun Feb 22 2026 00:00:00 GMT+0900 (Korean Standard Time),,,,,67988.04,,,,
Mon Feb 23 2026 00:00:00 GMT+0900 (Korean Standard Time),48.24,601.41,65.86,356.82,64845.25,6837.75,22627.27,48804.06,21.01
Tue Feb 24 2026 00:00:00 GMT+0900 (Korean Standard Time),49.78,607.87,68.53,362.04,63326.75,6890.07,22863.68,49174.5,19.55
Wed Feb 25 2026 00:00:00 GMT+0900 (Korean Standard Time),51.87,616.68,71.86,368,65449.49,6946.13,23152.08,49482.15,17.93
Thu Feb 26 2026 00:00:00 GMT+0900 (Korean Standard Time),50.05,609.24,65.34,356.8,68623.96,6908.86,22878.38,49499.2,18.63
Fri Feb 27 2026 00:00:00 GMT+0900 (Korean Standard Time),49.52,607.29,62.77,352.29,67762.96,6878.88,22668.21,48977.92,19.86
Sat Feb 28 2026 00:00:00 GMT+0900 (Korean Standard Time),,,,,65696.42,,,,
Sun Mar 01 2026 00:00:00 GMT+0900 (Korean Standard Time),,,,,67356.82,,,,
Mon Mar 02 2026 00:00:00 GMT+0900 (Korean Standard Time),49.7,608.09,62.76,352.05,66798.54,6881.62,22748.86,48904.78,21.44
Tue Mar 03 2026 00:00:00 GMT+0900 (Korean Standard Time),48.1,601.58,53.42,334.78,68141.81,6816.63,22516.69,48501.27,23.57
Wed Mar 04 2026 00:00:00 GMT+0900 (Korean Standard Time),50.26,610.75,56.62,341.54,67842.73,6869.5,22807.48,48739.41,21.15
Thu Mar 05 2026 00:00:00 GMT+0900 (Korean Standard Time),49.8,608.91,54.8,337.76,72847.58,6830.71,22748.99,47954.74,23.75
Fri Mar 06 2026 00:00:00 GMT+0900 (Korean Standard Time),47.54,599.75,47.89,323.51,70602.13,6740.02,22387.68,47501.55,29.49
Sat Mar 07 2026 00:00:00 GMT+0900 (Korean Standard Time),,,,,68099.83,,,,
Sun Mar 08 2026 00:00:00 GMT+0900 (Korean Standard Time),,,,,66641.69,,,,
Mon Mar 09 2026 00:00:00 GMT+0900 (Korean Standard Time),49.39,607.76,53.32,336.37,67219.71,6795.99,22695.95,47740.8,25.5
Tue Mar 10 2026 00:00:00 GMT+0900 (Korean Standard Time),49.4,607.77,54.59,338.81,69446.6,6781.48,22697.1,47706.51,24.93
Wed Mar 11 2026 00:00:00 GMT+0900 (Korean Standard Time),49.35,607.69,56.09,342.09,69571.17,6775.8,22716.14,47417.27,24.23
Thu Mar 12 2026 00:00:00 GMT+0900 (Korean Standard Time),46.83,597.26,50.28,330.19,69448.47,6672.62,22311.98,46677.85,27.29
Fri Mar 13 2026 00:00:00 GMT+0900 (Korean Standard Time),45.93,593.72,50.72,331.32,71371.01,6632.19,22105.36,46558.47,27.19
Sat Mar 14 2026 00:00:00 GMT+0900 (Korean Standard Time),,,,,71115.02,,,,
Sun Mar 15 2026 00:00:00 GMT+0900 (Korean Standard Time),,,,,71352.13,,,,
Mon Mar 16 2026 00:00:00 GMT+0900 (Korean Standard Time),47.46,600.38,53.69,337.83,73607.4,6699.38,22374.18,46946.41,23.51
Tue Mar 17 2026 00:00:00 GMT+0900 (Korean Standard Time),48.16,603.31,54.95,340.25,74486.24,6716.09,22479.53,46993.26,22.37
Wed Mar 18 2026 00:00:00 GMT+0900 (Korean Standard Time),46.1,594.9,54.02,338.29,74474.25,6624.7,22152.42,46225.15,25.09
Thu Mar 19 2026 00:00:00 GMT+0900 (Korean Standard Time),45.69,593.02,54.85,340.2,71240.85,6606.49,22090.69,46021.43,24.06
Fri Mar 20 2026 00:00:00 GMT+0900 (Korean Standard Time),43.08,582.06,51.14,332.51,70743.14,6506.48,21647.61,45577.47,26.78
Sat Mar 21 2026 00:00:00 GMT+0900 (Korean Standard Time),,,,,70687.77,,,,
Sun Mar 22 2026 00:00:00 GMT+0900 (Korean Standard Time),,,,,69365.43,,,,
Mon Mar 23 2026 00:00:00 GMT+0900 (Korean Standard Time),44.57,588,53.03,336.59,68076.59,6581,21946.76,46208.47,26.15
Tue Mar 24 2026 00:00:00 GMT+0900 (Korean Standard Time),43.62,583.98,54.96,341.02,70523.14,6556.37,21761.89,46124.06,26.95
Wed Mar 25 2026 00:00:00 GMT+0900 (Korean Standard Time),44.39,587.82,57.04,345.25,70705.11,6591.9,21929.83,46429.49,25.33
Thu Mar 26 2026 00:00:00 GMT+0900 (Korean Standard Time),41.23,573.79,48.97,328.85,70851.4,6477.16,21408.08,45960.11,27.44
Fri Mar 27 2026 00:00:00 GMT+0900 (Korean Standard Time),38.78,562.58,46.61,323.48,68749.36,6368.85,20948.36,45166.64,31.05
Sat Mar 28 2026 00:00:00 GMT+0900 (Korean Standard Time),,,,,66214.26,,,,
Sun Mar 29 2026 00:00:00 GMT+0900 (Korean Standard Time),,,,,66920.02,,,,
Mon Mar 30 2026 00:00:00 GMT+0900 (Korean Standard Time),37.89,558.28,40.62,309.79,67120.27,6343.72,20794.64,45216.14,30.61
Tue Mar 31 2026 00:00:00 GMT+0900 (Korean Standard Time),41.68,577.18,47.91,328.66,67647.5,6528.52,21590.63,46341.51,25.25
Wed Apr 01 2026 00:00:00 GMT+0900 (Korean Standard Time),43.23,584.31,52.26,338.54,68084.47,6575.32,21840.95,46565.74,24.54
Thu Apr 02 2026 00:00:00 GMT+0900 (Korean Standard Time),43.33,584.98,52.75,339.61,66597.65,6582.69,21879.18,46504.67,23.87
Fri Apr 03 2026 00:00:00 GMT+0900 (Korean Standard Time),,,,,66597.64,,,,
Sat Apr 04 2026 00:00:00 GMT+0900 (Korean Standard Time),,,,,66828.99,,,,
Sun Apr 05 2026 00:00:00 GMT+0900 (Korean Standard Time),,,,,67130.08,,,,
Mon Apr 06 2026 00:00:00 GMT+0900 (Korean Standard Time),44.1,588.5,54.81,344.1,69066.4,6611.83,21996.34,46669.88,24.17
Tue Apr 07 2026 00:00:00 GMT+0900 (Korean Standard Time),44.15,588.59,56.55,347.76,68748.08,6616.85,22017.85,46584.46,25.78
Wed Apr 08 2026 00:00:00 GMT+0900 (Korean Standard Time),48,606.09,67.5,370.4,71290.38,6782.81,22635,47909.92,21.04
Thu Apr 09 2026 00:00:00 GMT+0900 (Korean Standard Time),48.96,610.19,71.98,378.63,70981.11,6824.66,22822.42,48185.8,19.49
Fri Apr 10 2026 00:00:00 GMT+0900 (Korean Standard Time),49.17,611.07,76.39,386.6,71878.66,6816.89,22902.89,47916.57,19.23
Sat Apr 11 2026 00:00:00 GMT+0900 (Korean Standard Time),,,,,72892.87,,,,
Sun Apr 12 2026 00:00:00 GMT+0900 (Korean Standard Time),,,,,71673.75,,,,
Mon Apr 13 2026 00:00:00 GMT+0900 (Korean Standard Time),50.66,617.39,80.56,393.34,71006.52,6886.24,23183.74,48218.25,19.12
Tue Apr 14 2026 00:00:00 GMT+0900 (Korean Standard Time),53.41,628.6,85.31,401.24,74461.09,6967.38,23639.08,48535.99,18.36
Wed Apr 15 2026 00:00:00 GMT+0900 (Korean Standard Time),55.65,637.4,85.96,401.86,74374.27,7022.95,24016.02,48463.72,18.17
Thu Apr 16 2026 00:00:00 GMT+0900 (Korean Standard Time),56.43,640.47,88.37,405.95,75164.0427,7041.28,24102.7,48578.72,17.94
Fri Apr 17 2026 00:00:00 GMT+0900 (Korean Standard Time),58.59,648.85,94.68,415.71,77124.5067,7126.06,24468.48,49447.43,17.48
Sat Apr 18 2026 00:00:00 GMT+0900 (Korean Standard Time),,,,,75723.6947,,,,
Sun Apr 19 2026 00:00:00 GMT+0900 (Korean Standard Time),,,,,73854.2464,,,,
Mon Apr 20 2026 00:00:00 GMT+0900 (Korean Standard Time),58.08,646.79,95.94,417.55,73820.1064,7109.14,24404.39,49442.56,18.87
Tue Apr 21 2026 00:00:00 GMT+0900 (Korean Standard Time),57.4,644.33,98.09,420.7,75854.7993,7064.01,24259.96,49149.38,19.5
Wed Apr 22 2026 00:00:00 GMT+0900 (Korean Standard Time),60.21,655.11,105.64,431.77,78218.0477,7137.9,24657.57,49490.03,